"\"id\",\"created_at\","-",\"has_test\",\"alternate_url\""
"\"111570608\",\"2024-11-22T11:08:02+0300\","Junior",false,\"https://hh.ru/vacancy/111570608\""
"\"111774190\",\"2024-11-25T15:09:50+0300\","-",false,\"https://hh.ru/vacancy/111774190\""
"\"110283263\",\"2024-11-29T12:27:07+0300\","-",false,\"https://hh.ru/vacancy/110283263\""
"\"112251192\",\"2024-12-01T07:53:03+0300\","-",false,\"https://hh.ru/vacancy/112251192\""
"\"112325803\",\"2024-12-02T12:37:00+0300\","-",false,\"https://hh.ru/vacancy/112325803\""
"\"112388836\",\"2024-12-03T09:26:53+0300\","Junior",false,\"https://hh.ru/vacancy/112388836\""
"\"112763125\",\"2024-12-09T13:02:19+0300\","Junior",false,\"https://hh.ru/vacancy/112763125\""
"\"112836913\",\"2024-12-10T10:25:06+0300\","-",false,\"https://hh.ru/vacancy/112836913\""
"\"112836663\",\"2024-12-10T11:06:46+0300\","-",false,\"https://hh.ru/vacancy/112836663\""
"\"113007582\",\"2024-12-11T13:39:20+0300\","-",false,\"https://hh.ru/vacancy/113007582\""
"\"113117233\",\"2024-12-12T10:13:14+0300\","-", NLM, LLM)\",false,\"https://hh.ru/vacancy/113117233\""
"\"113148476\",\"2024-12-12T14:15:37+0300\","Middle",false,\"https://hh.ru/vacancy/113148476\""
"\"113155326\",\"2024-12-12T16:31:54+0300\","Junior",false,\"https://hh.ru/vacancy/113155326\""
"\"113159759\",\"2024-12-12T18:12:37+0300\","-",false,\"https://hh.ru/vacancy/113159759\""
"\"113272361\",\"2024-12-13T11:33:00+0300\","-",false,\"https://hh.ru/vacancy/113272361\""
"\"113278015\",\"2024-12-13T12:11:45+0300\","-",false,\"https://hh.ru/vacancy/113278015\""
"\"113278302\",\"2024-12-13T12:13:19+0300\","Junior",false,\"https://hh.ru/vacancy/113278302\""
"\"113290711\",\"2024-12-13T13:16:00+0300\","-",false,\"https://hh.ru/vacancy/113290711\""
"\"112142594\",\"2024-12-14T11:23:58+0300\","-",false,\"https://hh.ru/vacancy/112142594\""
"\"113462079\",\"2024-12-14T17:11:33+0300\","-",false,\"https://hh.ru/vacancy/113462079\""
